country_na,wld_rgn,exDmg_mean,exDmg_pros_mean,exDmg_cmp_mean,exInunD_mean,exInunD_pros_mean,exInunD_cmp_mean,height_mean,height_fp_mean,n_fuas
Afghanistan,S Asia,0.0534817931033302,0.0534817931033302,0.0534817931033302,0.0449230361336701,0.0449230361336701,0.0449230361336701,5.248217137724386,4.655157755277974,1
Algeria,Africa,0.0279744091782404,0.009146863654890251,0.02685555184000725,0.0469433195300077,0.0173410811727864,0.04796390634308445,5.711568069581954,3.776077582781442,2
Angola,Africa,0.0194623093286501,0.0103465232727604,0.0194607246668261,0.0334672531267373,0.0173685490103084,0.0338782503388002,5.184686636112291,2.769826046358968,1
Argentina,S America,0.07572978900055176,0.03325000820812502,0.07572591984369907,0.041202582882436126,0.0181384709126713,0.04119425807780748,5.73424217464669,4.812401583989024,5
Armenia,SW Asia,0.0496574495021106,0.0442081134896006,0.0496574495021106,0.0381458356794695,0.0327861469691601,0.0381458356794695,7.395397445924647,5.707900252119294,1
Australia,Oceania,0.06907770261312578,0.0037852024367255404,0.06912880000197148,0.05727316674629397,0.00338825017081656,0.0573429879927677,5.670116526683209,4.518486504965805,5
Austria,Europe,0.0440650268620916,0.00063377007518126,0.0440650268620916,0.0434746116134314,0.000649357659111013,0.0434746116134314,5.337324420399876,4.588088582524343,1
Azerbaijan,SW Asia,0.0415816493769794,0.0195786565600411,0.0415743465258061,0.0376457268267757,0.0134563557618267,0.0377897644963093,7.347701450774526,4.007989570421266,1
Bahrain,SW Asia,,,,,,,6.022706289915377,,1
Bangladesh,S Asia,0.06207621061903024,0.008028428573021724,0.062041181945156176,0.05747526549047365,0.008354746583111007,0.05745026715478156,3.142298566754563,2.706042367419506,16
Belarus,Europe,0.0483765530546806,0.0216132031565965,0.0421673882424434,0.0514627676906372,0.0326744549281422,0.0635106473308567,6.9359616644353705,5.982361477139805,1
Belgium,Europe,0.05009423447317557,0.0016156710189977272,0.05011833487190113,0.04173962936396707,0.0013889790168257015,0.0417663804643233,4.703689314711508,5.965430230280153,3
Benin,Africa,0.0365028065398238,0.0301437745206856,0.0364796183584378,0.0370517169675658,0.0289231844797941,0.0370548322780267,6.729132422344346,4.392258805192082,1
Bolivia,S America,0.0779215461280008,0.0779215461280008,0.0779215461280008,0.04709322788947997,0.04709322788947997,0.04709322788947997,6.007203037197314,3.3390887348403795,3
Brazil,S America,0.07965019780634651,0.025368174087601877,0.07973730921844203,0.05075300100749718,0.0177764722277547,0.05088147084959405,6.617770980410471,4.184656914699998,21
Bulgaria,Europe,0.0365253553907588,0.0048887895037079,0.0365253553907588,0.0441295540073163,0.0054629894305851,0.0441295540073163,5.114464984951756,2.83382137513469,1
BurkinaFaso,Africa,0.0247546301343989,0.0247546301343989,0.0247546301343989,0.0340656589116508,0.0340656589116508,0.0340656589116508,4.917309162782726,3.2169799867540427,1
Cambodia,SE Asia,0.0724866773310254,0.0447811466910771,0.0724866773310254,0.0572815058631,0.0326935588633731,0.0572815058631,5.40318568027161,4.764277766158204,1
Cameroon,Africa,0.04706803857857656,0.04683673958913117,0.04683673958913117,0.0368894622353709,0.03705425541012987,0.03705425541012987,7.144659501729393,6.309518281808367,3
Canada,N America,0.06878327199464633,0.011581402239320299,0.06776276884109123,0.06222068296590682,0.0110576530918449,0.0618038501293284,5.87237338897679,4.471238776645238,6
CentralAfricanRepublic,Africa,0.0880315788650649,0.0880315788650649,0.0880315788650649,0.074770656508342,0.074770656508342,0.074770656508342,6.235897467033135,4.53266897158775,1
Chad,Africa,0.0481691558622595,0.0339042074150103,0.0481691558622595,0.0360923980443031,0.0273074832520971,0.0360923980443031,5.979883696238422,5.221809762575952,1
Chile,S America,0.0742993829579174,0.008071311230532549,0.07430896660179125,0.043717920584688555,0.0052619761822654005,0.04376329631312795,6.048176644238945,4.094324122131386,2
China,E Asia,0.0643383596692218,0.012418427655660412,0.06425187217835196,0.048820416997598585,0.010008483697004536,0.048791203368216546,7.065926889905679,6.077277869138625,117
Colombia,S America,0.08558756656211022,0.042647783316341434,0.08558756656211022,0.05318509696075334,0.027091498158696818,0.05318509696075334,7.204943509730687,5.226101047931738,5
CostaRica,C America,0.0891448525130412,0.0448424067026431,0.0891448525130412,0.0589705001938182,0.0298938582374342,0.0589705001938182,5.204217972370759,2.83420389016132,1
CotedIvoire,Africa,0.0445057163408838,0.0437404399931302,0.0437404399931302,0.0504394971763575,0.0537702154156456,0.0537702154156456,6.757071521427452,4.488424597187685,1
Croatia,Europe,0.0319281857695897,0.0012355728019602,0.0319281857695897,0.032824629264511,0.0014918011278036,0.032824629264511,3.994250728851628,3.2842650733698453,1
CzechRepublic,Europe,0.0598966698140406,0.005992787225615,0.0598966698140406,0.0665824175259894,0.0061102201945317,0.0665824175259894,4.720521629697481,4.040809591526867,1
DemocraticRepublicoftheCongo,Africa,0.06230012927463893,0.0622580840708756,0.0622580840708756,0.06571463141122647,0.06559962124878581,0.06559962124878581,6.25493934595943,4.749959651786879,5
Denmark,Europe,,,,,,,4.630870105130527,,1
DominicanRepublic,C America,0.0834072487003158,0.0064914519701069,0.0836452747515782,0.0533857479334195,0.0039862593035552,0.0555540340273533,5.544223997647405,4.593270243891932,1
Ecuador,S America,0.0859871933006494,0.044202760801483845,0.0861602682553535,0.050398260498090694,0.0269850300328957,0.05030925576986579,7.812728799898095,5.80513615707902,2
Egypt,Africa,0.050065108847503946,0.030843853671251902,0.049590057299673335,0.05800760615530434,0.03574244221735907,0.057401104580565354,4.867881150975614,3.7251759654204,12
ElSalvador,C America,0.0747384648917921,0.0747503697565762,0.0747503697565762,0.0657469926404126,0.0662869553585007,0.0662869553585007,5.051274108763586,2.8079484525515155,1
Ethiopia,Africa,0.0486723037541698,0.020252659574468,0.020252659574468,0.0686187055304749,0.0451397655736282,0.0451397655736282,6.620634949184164,3.180516836119195,1
Finland,Europe,0.051130610392656,0.0108594641419684,0.0510653109682954,0.0704911634524427,0.0157831917222277,0.0709036154906869,4.186809363331361,4.3031361990189865,1
France,Europe,0.049542433439180834,0.003869529402140443,0.04977050986785715,0.04891066343320306,0.0040757083421437855,0.04900346418953975,5.6208712939750525,4.968505764432441,7
Georgia,SW Asia,0.0619520777885576,0.0161158791356094,0.0619520777885576,0.054273498921305,0.0151683357415771,0.054273498921305,10.090801837565673,8.139616794359926,1
Germany,Europe,0.05551964946116262,0.0031851263695254913,0.05553288074404308,0.05304638083456916,0.0030139807910221,0.05305149118472086,5.78684825042211,5.071490424412218,11
Ghana,Africa,0.050781429736997355,0.03910849532769145,0.05078435959135015,0.05128322848676295,0.04108867774331685,0.05129226136905185,6.11822700955383,3.401535867278988,2
Greece,Europe,0.0289336798410239,0.006647151978139251,0.02859906479106175,0.0293957340366208,0.009641981338007,0.0338942836036844,6.162207838754883,5.04897788011505,2
Guatemala,C America,0.0701009536411946,0.0701009536411946,0.0701009536411946,0.0387869476166402,0.0387869476166402,0.0387869476166402,7.025136329341132,3.680614721560129,1
Guinea,Africa,0.0209309766784336,0.0156852987937457,0.0209308814209221,0.0368224653455222,0.0248235705676433,0.0368224653455222,5.595956888610451,2.9692313364558607,1
Honduras,C America,0.0909793675654652,0.0909793675654652,0.0909793675654652,0.0511987908248933,0.0511987908248933,0.0511987908248933,7.043868544780838,6.702699652532252,1
HongKong,E Asia,0.04282290460086085,0.001105936969344252,0.0426920184802146,0.03262183917715685,0.0011145720538985391,0.03333681575797675,11.078170860082935,6.0964387633868435,2
Hungary,Europe,0.056671331291367,0.0036378859778121,0.056671331291367,0.0647389020150611,0.0041520034087828,0.0647389020150611,4.898458353119103,3.7684555151837458,1
India,S Asia,0.05865164925469648,0.0033487531702892123,0.0586308746723197,0.0498936777572987,0.0030721696531132905,0.04986595664750554,4.867393662367765,3.7821152309088544,91
Indonesia,SE Asia,0.051993393240758475,0.002921085805411283,0.05194274133209127,0.04382802311612837,0.0025754379409128965,0.043708508533370556,4.406245874960166,3.465042137120887,33
Iran,SW Asia,0.049575344688793904,0.0262440387682598,0.049575344688793904,0.03688762879229125,0.019947001782319312,0.03688762879229125,6.371997870667366,5.21576017892647,8
Iraq,SW Asia,0.06539389648665742,0.0326945980758502,0.06539389648665742,0.05794633109054714,0.02940163293114792,0.05794633109054714,5.1112358258508195,3.929108449904787,6
Ireland,Europe,0.0421870384504107,0.0009885254798525618,0.0422319911350016,0.0468525001489451,0.0011148216509849,0.047500122715685,4.644347995954957,5.349247156769784,1
Israel,SW Asia,0.0495731549529905,0.0027753006994899,0.0496272687759603,0.0341153201443112,0.0018917323344504,0.0341153201443112,7.55832326879508,5.827537563526341,1
Italy,Europe,0.05434859673651767,0.00658206545416315,0.054791186277999226,0.05697301975881823,0.007036719391086975,0.057234774964368795,6.0271420862228435,4.836273311917211,4
Japan,E Asia,0.07004892229825635,0.0016565039987454999,0.06992428516936042,0.04956495537485055,0.0012902330762221048,0.04942431421905564,7.263523796306383,6.841193758032596,14
Jordan,SW Asia,0.0549303496642016,0.0288080662352852,0.0549303496642016,0.0386143377568819,0.0207564881374093,0.0386143377568819,6.906881168257581,6.003459312506681,1
Kazakhstan,C Asia,0.0409772257432182,0.0208813211374317,0.0410112062095971,0.0343165201252216,0.0177750260881136,0.0346065950696168,7.0108164345688255,3.212385213243706,1
Kenya,Africa,0.049040903700987445,0.048208500280451747,0.048208500280451747,0.0491566062800346,0.051024266950318246,0.051024266950318246,6.331929001685069,3.9302680478545895,2
Kuwait,SW Asia,0.072467864978231,0.0072797875710411,0.0731510069381373,0.0606836282247542,0.0054147695698322,0.0679371016320803,9.204873356084851,5.878688189243716,1
Kyrgyzstan,C Asia,0.04,0.04,0.04,0.0307595102319172,0.0307595102319172,0.0307595102319172,7.521143512860225,3.867366113290488,1
Lebanon,SW Asia,0.04,0.008,0.04,0.0247995024346555,0.0057625023844876,0.0288125118718963,7.899774354242405,5.556883161360786,1
Liberia,Africa,0.0742607529042529,0.0437768329300947,0.0742108428310456,0.0657569010587017,0.0389388912171185,0.066020135691793,5.916824572825235,5.5741400378140105,1
Libya,Africa,0.024491119340982,0.0076487820683321,0.0268464464632415,0.0203178245285344,0.0070407783692664,0.0214463398865124,5.436596541182564,6.388404953908995,1
Madagascar,Africa,0.0605666625044554,0.0605666625044554,0.0605666625044554,0.0543525462891136,0.0543525462891136,0.0543525462891136,6.157625670048018,4.596068349876861,1
Malawi,Africa,0.055207734728256,0.055207734728256,0.055207734728256,0.0570208377653422,0.0570208377653422,0.0570208377653422,4.665481332586958,4.0744035025924425,1
Malaysia,SE Asia,0.058993166918387734,0.0136073862823003,0.0589586484093712,0.050329456594218835,0.012236709851266866,0.05024970926190057,6.501306880709844,4.259932660077789,3
Mali,Africa,0.077879681870026,0.0546594274117573,0.077879681870026,0.0717002965269182,0.0545474903052214,0.0717002965269182,6.092993234014423,3.305386444842534,1
Mauritania,Africa,0.0153065542284003,0.0153065542284003,0.0153065542284003,0.0198891969199721,0.0198891969199721,0.0198891969199721,6.436034982254994,4.384453217530887,1
Mexico,N America,0.04921867514960763,0.015941465458332423,0.04922845996679541,0.037433854678141545,0.012552848434415115,0.03743327502560164,6.0987652497866565,4.708805675121648,14
Mongolia,E Asia,0.0354995480742564,0.0354995480742564,0.0354995480742564,0.0233751344436079,0.0233751344436079,0.0233751344436079,7.515488228142465,4.056281802323297,1
Morocco,Africa,0.050465099346629204,0.03680093660706305,0.05066793713720399,0.05486344229849315,0.041171454091739855,0.05553021676276409,5.846349440608004,4.003679864622664,6
Mozambique,Africa,0.0390406798550449,0.0110513138363489,0.0406172403237183,0.0558483167666363,0.0159195832274369,0.0586851119905829,5.972390229064292,2.9917478344772075,1
Myanmar,SE Asia,0.06972568537870615,0.06968278218330765,0.06968278218330765,0.06243279868415215,0.06218698687604785,0.06218698687604785,5.525733914634808,3.6495214566509637,2
Nepal,S Asia,0.0865871535895433,0.0865871535895433,0.0865871535895433,0.0605629640243195,0.0605629640243195,0.0605629640243195,6.360120157728566,9.588292847409774,1
Netherlands,Europe,0.0352625064275663,0.00041448802642664334,0.0352849900546218,0.03127293429695415,0.00038925996671654143,0.0312634587839606,6.3823303756180305,5.382333279712913,2
NewZealand,Oceania,0.0706246790995406,0.0040831994976381,0.0734186793159444,0.0287010676675735,0.0018323063046365,0.0323664970649013,8.089809663350088,6.353778041750157,1
Nicaragua,C America,0.0702301170382311,0.0702301170382311,0.0702301170382311,0.031336813616107,0.031336813616107,0.031336813616107,5.115100200512034,3.095492698582223,1
Niger,Africa,0.0914181018577238,0.0914181018577238,0.0914181018577238,0.0847524985863499,0.0847524985863499,0.0847524985863499,5.8603907009677965,4.860149445041054,1
Nigeria,Africa,0.04501446214455217,0.04504263943363416,0.04504263943363416,0.05138048478515183,0.05144323953717609,0.05144323953717609,5.973094501387169,4.001071487225541,15
NorthKorea,E Asia,0.0839633779336052,0.0839633779336052,0.0839633779336052,0.0747078914133058,0.0747078914133058,0.0747078914133058,7.7371771834349214,4.604497713902418,1
Norway,Europe,0.0637842143570247,0.0125088766009547,0.0674111005295334,0.0755492674092792,0.0175666740526174,0.0767813730438333,3.6218597298416935,4.190394582319787,1
Pakistan,S Asia,0.046767406888224027,0.04663223786002816,0.04664075297017453,0.03591436117922244,0.03568732829370475,0.035689691078497676,4.778345158077279,4.0294848587092895,12
Palestina,SW Asia,0.0442974472383289,0.0047619267052824,0.0450245526830958,0.0465876941509447,0.0055157041669755,0.0484385768298145,6.384543133396149,3.0810823125465983,1
Panama,C America,0.0848695846139485,0.0437300232428243,0.0848671194511976,0.0498135961913526,0.0278765656242876,0.0499495556083781,6.359299176032933,4.2374447380664,1
Paraguay,S America,0.0920104840868763,0.0829901556861411,0.0920104840868763,0.0820477339797247,0.0571495994367436,0.0820477339797247,4.982948441043842,3.2328858438101715,1
Peru,S America,0.0504894634461597,0.0029301019511424,0.0504801769457117,0.013433450563746,0.0008408992387800595,0.0134140600660691,7.71317491949719,6.069502526711668,1
Philippines,SE Asia,0.062192387326332046,0.043052217907199,0.053988994580942674,0.05443057775569938,0.03999095133032413,0.05424786168654453,4.321975723998455,4.293541617939113,5
Poland,Europe,0.04043107935959413,0.0009469574106828793,0.04043107935959413,0.04372364971322118,0.0010528227776279667,0.04372364971322118,4.068355219558169,3.4640075977282825,4
Portugal,Europe,0.07839758458489045,0.01084673095472925,0.0770399131959981,0.07303818314583385,0.0104464388410016,0.072558602076412,5.782669542926758,5.0988388827661835,2
Qatar,SW Asia,0.0314488317137006,,,0.0179962818227091,,,5.992889001133593,3.92684677394981,1
RepublicofCongo,Africa,0.0973124481625721,0.1,0.1,0.0788669812307607,,,7.661121609739859,6.50623129525916,1
Romania,Europe,0.0218661187163135,0.0024627796227081,0.0218661187163135,0.0250497771005882,0.0028023634229355,0.0250497771005882,5.913664009730406,4.756902677552927,1
Russia,Europe,0.06354007599233896,0.012071421908408413,0.06348466423867086,0.06186411540443773,0.012204798907722586,0.06181987184524671,6.660421052395064,4.616888190434545,15
Rwanda,Africa,0.0524820312871131,0.0524820312871131,0.0524820312871131,0.057547940417914,0.057547940417914,0.057547940417914,5.491676034120021,4.760703528617729,1
SaudiArabia,SW Asia,0.05263982312807094,0.011447708363500285,0.05264733904142895,0.04450365358541603,0.009956181608122951,0.04453678114595335,6.9584123975031105,3.990590634388505,6
Senegal,Africa,0.02,,,0.0311761345990392,,,6.677265961489084,3.854360781483731,2
Serbia,Europe,0.0785540573894852,0.0183289035216279,0.0785540573894852,0.080693640537819,0.0182402321568612,0.080693640537819,4.8545007068071735,3.3425020172922184,1
SierraLeone,Africa,0.0198557408111024,,,0.0260567072040464,,,9.440339262960446,4.690697083549,1
Singapore,SE Asia,0.04,0.00041338028169014265,0.04,0.0237845380327023,0.00026692207959537614,0.0246287455112691,13.064380771549256,7.30328948252669,1
Somalia,Africa,0.02,,,,,,6.9927414524283735,,1
SouthAfrica,Africa,0.03418423759450693,0.0020071197208294,0.03412797033518805,0.04554826536900892,0.0026506432406273833,0.045381233452886936,6.064597062222731,3.695119742698053,6
SouthKorea,E Asia,0.07274942126630508,0.007226931561478033,0.07295814445635819,0.0573182297307383,0.006265902033697367,0.05837016329197802,7.891691287815593,5.8098665212264216,6
Spain,Europe,0.0493614293948018,0.00372379835594164,0.04879951315773012,0.05187137913150395,0.00417835734825144,0.05160793294672352,6.092008256933551,4.776859513394485,5
SriLanka,S Asia,0.0755450579071052,0.07557591562687675,0.07557591562687675,0.06911092233862035,0.0691598807267518,0.0691598807267518,4.086951485603533,4.985077665980567,2
Sudan,Africa,0.073057972307572,0.0400925665652218,0.073057972307572,0.0515408196324247,0.0300425278335916,0.0515408196324247,6.5776251612729535,5.386656132590731,1
Sweden,Europe,0.038123262131468,0.0047867761677865,0.0386308429497048,0.0367408255184657,0.0042378024529095,0.0363929899505941,5.118942276038189,3.658544031178565,1
Switzerland,Europe,0.043946208189379,0.009707594504036,0.043946208189379,0.0600845662612772,0.0130335886197901,0.0600845662612772,4.8590825441233125,5.373953189904527,1
Syria,SW Asia,0.04653493773426435,0.04653493773426435,0.04653493773426435,0.0370127433784287,0.0370127433784287,0.0370127433784287,5.671993951739904,6.023138921231906,2
Taiwan,E Asia,0.0759053596721616,0.003241990171998375,0.07618033984275442,0.06157736100430404,0.002757260697947725,0.058025787428959696,7.560570762160085,6.726062546568649,5
Tajikistan,C Asia,0.0358070043227983,0.0358070043227983,0.0358070043227983,0.0211558022311182,0.0211558022311182,0.0211558022311182,6.65659343069028,4.595491445433608,1
Tanzania,Africa,0.0386202315863475,0.0383445126830445,0.0383445126830445,0.039565806791603,0.0397159478294483,0.0397159478294483,6.404737356457205,4.536782032127883,1
Thailand,SE Asia,0.0539602895974009,0.0192343455447804,0.0539593625222607,0.0360681496044472,0.0137018972882489,0.0360791242333928,6.570266477871255,5.647473951219079,1
Togo,Africa,0.0261223238677415,0.0261192106319469,0.0261192106319469,0.0251498864194175,0.0251206131307774,0.0251206131307774,8.854374886366406,5.519069271915626,1
Tunisia,Africa,0.0329910097349404,0.0085679562318046,0.0332972119194286,0.0387230610387952,0.0103132732562368,0.0390815287348535,5.528849304164554,4.040488329665577,1
Turkey,SW Asia,0.04568616086765221,0.0237238853464542,0.04572749350571798,0.038486232402088864,0.020555268576386416,0.03858833422532017,6.941434093291597,4.21638937867126,7
Uganda,Africa,0.0116701713298649,0.01142642432615,0.01142642432615,0.0329785645837447,0.0329878479432763,0.0329878479432763,5.800357316892163,2.75411578735674,1
Ukraine,Europe,0.05288344179107154,0.04218842225540698,0.052883240270797806,0.048544152670456406,0.03728604511207602,0.04854208867670894,6.033668488554168,4.704585798524516,5
UnitedArabEmirates,SW Asia,0.05130072585392865,0.01154203179194875,0.0511773878422004,0.031271596121921805,0.008316942018580551,0.034609252747005145,7.001866746231544,6.560161246676248,2
UnitedKingdom,Europe,0.04836975915244484,0.002657624170157783,0.048249081086698876,0.04618719422639265,0.0025910588197930583,0.04605558989109366,4.974198017872685,5.350778534173874,12
UnitedStates,N America,0.06010434039883241,0.0009523142287861258,0.060164489316271524,0.05163968462516272,0.0008886244427353423,0.051628341689987846,5.019799610378786,4.693109375293051,49
Uruguay,S America,0.0870676044741208,0.0180881842139798,0.0868423302538525,0.0594305694847147,0.0144589750150208,0.0591357109799179,6.268613004381753,5.525904508803266,1
Uzbekistan,C Asia,0.0456987265412291,0.0239688090261052,0.04569799855754885,0.03455859704923685,0.01848379825421925,0.034552860949264554,6.444374265987767,5.103310533343214,2
Venezuela,S America,0.07183550536008317,0.031067251365576243,0.07173014400077396,0.040660749143299854,0.017696753799832897,0.041202471742635076,7.830801457846318,4.389420901924946,5
Vietnam,SE Asia,0.06947496292071394,0.04912139199265569,0.06991512027428382,0.06180027702748442,0.043994061611103565,0.0625453740106289,4.506721792246199,3.89649375051982,6
Yemen,SW Asia,0.0360988867745541,0.0360988867745541,0.0360988867745541,0.0141284188994245,0.0141284188994245,0.0141284188994245,7.527224222809197,8.513971401903255,2
Zambia,Africa,0.02,0.02,0.02,0.0297100592419245,0.0297100592419245,0.0297100592419245,4.5385734238991295,3.886444954645066,1
Zimbabwe,Africa,0.0304217505524363,0.0304217505524363,0.0304217505524363,0.0510635352179172,0.0510635352179172,0.0510635352179172,4.332540516980483,2.6321659246963347,1
