country_na,wld_rgn,abbreviati,exDmg_mean,exDmg_pros_mean,exInunD_mean,exInunD_pros_mean,exDep_mean,height_mean,flopros_merge_mean,flopros_model_mean,n_fuas,source
Afghanistan,S Asia,AFG,0.0531016404086019,0.0531016404086019,0.0457016545233571,0.0457016545233571,0.236218163101661,5.241949669537301,3.7804301,3.7804300785064697,1,2026-1-8 (published)
Algeria,Africa,DZA,0.0274189098081805,0.0085115730190354,0.0458027671224244,0.0161855841075235,0.1284047516836967,5.713260875259352,20.69607779759448,20.69607779168025,2,2026-1-8 (published)
Angola,Africa,AGO,0.0196617882069511,0.0103407592239699,0.032767009500651,0.0165990324990876,0.0876429013962589,5.188466754675651,16.330054623483935,16.33005465403758,1,2026-1-8 (published)
Argentina,S America,ARG,0.0740538125721492,0.0316310311862337,0.0401102357424564,0.0171284956265854,0.2536885578409616,5.734942728064228,23.55691662321344,23.556916611391294,5,2026-1-8 (published)
Australia,Oceania,AUS,0.0676606519354877,0.0071566266724418,0.0558770994022722,0.0062947131676888,0.3428590890049744,5.674276322366405,100.0,48.4598991394043,5,2026-1-8 (published)
Austria,Europe,AUT,0.0431135211685691,0.0019939931508913,0.0423192391860876,0.0016338088335771,0.212084316266188,5.337324420399881,969.8870750020292,134.15006727109215,1,2026-1-8 (published)
Bahrain,SW Asia,BHR,,,,,,6.0209841546144505,,,1,2026-1-8 (published)
Bangladesh,S Asia,BGD,0.0603958086939284,0.033358651137063,0.0560000269861119,0.0312989773226091,0.2164081978845917,3.129567826487439,50.16589054995061,2.850609318042116,16,2026-1-8 (published)
Belgium,Europe,BEL,0.0489399549817245,0.0014076744115452,0.0407458776196785,0.0012165900564277,0.2402225554818654,4.703697397519695,249.09231505037212,249.10993970911676,3,2026-1-8 (published)
Benin,Africa,BEN,0.0353836629803241,0.029028762935219,0.0359225154909676,0.0278077775862479,0.1494075717352736,6.73172468117087,9.776617284601482,9.776617284292106,1,2026-1-8 (published)
Bolivia,S America,BOL,0.0762761906613469,0.0762761906613469,0.046034061431011,0.046034061431011,0.2215450800875766,6.007203037197307,6.667246666666666,6.667246659596761,3,2026-1-8 (published)
Brazil,S America,BRA,0.078003405422548,0.0236917028109613,0.0496628607611657,0.0165860424913568,0.2564408019208012,6.575256037974795,23.4565840909479,23.4565840880373,21,2026-1-8 (published)
Bulgaria,Europe,BGR,0.0360041882132728,0.0040651036464241,0.043067559809774,0.0044009951754484,0.1604644542429816,5.114464984951759,55.39661696966922,55.39661694446516,1,2026-1-8 (published)
BurkinaFaso,Africa,BFA,0.0242222271640171,0.0242222271640171,0.0333520214639825,0.0333520214639825,0.1152510364384334,4.917309162782733,2.0141851581480186,2.014185122561972,1,2026-1-8 (published)
Cambodia,SE Asia,KHM,0.0707512473085004,0.0432383070521889,0.0556620183521098,0.0312228081038574,0.3694089102208624,5.396725779300954,15.425606949703583,15.425606953207886,1,2026-1-8 (published)
Cameroon,Africa,CMR,0.0459321753380796,0.0456960531380384,0.0358948261134558,0.0360612331911141,0.2154710120002942,7.148808704436736,6.909196013285865,6.909196004999544,3,2026-1-8 (published)
Canada,N America,CAN,0.066987683040922,0.0116307729620042,0.0612521747950383,0.0112308506925987,0.3653287217725013,5.854324861583058,72.55860844711468,46.91864147064482,6,2026-1-8 (published)
Chad,Africa,TCD,0.0469018980212177,0.0326369495739677,0.0350817856391979,0.026296870849279,0.2541069882091371,5.979883696238421,21.34299716134801,21.342997149275146,1,2026-1-8 (published)
Chile,S America,CHL,0.0726576069332782,0.0064291967301597,0.0426215834319748,0.0041640863236955,0.222863729337413,6.048806076107353,60.37485125,60.37485122680664,2,2026-1-8 (published)
China,E Asia,CHN,0.0627221519846912,0.0149158117238089,0.0475596737923403,0.0117703997923193,0.3159437180242956,7.066701353120882,27.996364623782323,22.058001541483996,117,2026-1-8 (published)
Colombia,S America,COL,0.0837673510161385,0.0408299400388486,0.0519263017102741,0.0258382796073973,0.4277191645492927,7.2052834666358425,18.36400974145172,18.364009737520597,5,2026-1-8 (published)
CostaRica,C America,CRI,0.087332146483124,0.0430297006727261,0.0577372830828129,0.0286606410169714,0.811534403188153,5.204217972370762,16.341240666698255,16.341240643209296,1,2026-1-8 (published)
CotedIvoire,Africa,CIV,0.0430663090832478,0.0423513885881924,0.0489075669741583,0.0521829501466236,0.1794062995299963,6.757897758869623,6.8131199,6.813119888305664,1,2026-1-8 (published)
Croatia,Europe,HRV,0.0311140212220939,0.0020043683375213,0.0319447153354358,0.0021667904242991,0.1261271009173054,3.994250728851629,156.56576174796112,64.4467288483298,1,2026-1-8 (published)
CzechRepublic,Europe,CZE,0.0584867019100668,0.0048026088356648,0.0650080958820589,0.0049323348057024,0.2981934605511819,4.720521629697486,79.26375912906516,80.01269123552144,1,2026-1-8 (published)
Denmark,Europe,DNK,0.0,0.0,0.0,0.0,0.0,4.642314767570505,81.5036011,81.50360107421875,1,2026-1-8 (published)
Ecuador,S America,ECU,0.0840928276117309,0.0423280303704874,0.0494402797324612,0.025907129516819,0.5207120438988335,7.8063056757851506,17.32514955,17.325149536132812,2,2026-1-8 (published)
Egypt,Africa,EGY,0.0487490058158921,0.0303316920599109,0.0564738858824639,0.0350533124312549,0.2449948558276221,4.869105158205818,19.193918109971733,21.66177829847756,12,2026-1-8 (published)
ElSalvador,C America,SLV,0.0732216376339692,0.0732332537412528,0.0642624378576214,0.0647887639105696,0.1572721554356499,5.0513145726259685,8.793140456072917,8.793140424537567,1,2026-1-8 (published)
Ethiopia,Africa,ETH,0.0479970413023012,0.0198476064222112,0.0670913366916104,0.0442369707775503,0.2686149037840977,6.620634949184193,2.00741,2.007410049438477,1,2026-1-8 (published)
Finland,Europe,FIN,0.0500218279838637,0.0097437694538281,0.0689173083018623,0.0141439012879962,0.2596550626134103,4.198438654143763,47.8564987,47.85649871826172,1,2026-1-8 (published)
France,Europe,FRA,0.0483338531800419,0.0029631932744475,0.0476602356902728,0.0030884891798532,0.2447036744228908,5.62442710241325,105.32318609884008,113.42720242484846,7,2026-1-8 (published)
Germany,Europe,DEU,0.054198145331721,0.0022952548315755,0.0517703404845234,0.0021944367600688,0.2760011026626081,5.787032423645479,106.62106056286486,158.43227515729458,11,2026-1-8 (published)
Ghana,Africa,GHA,0.0495447559718155,0.0378682373474821,0.0499792054581649,0.0397887274531707,0.2366550822694346,6.118860180257443,9.103777524880746,9.10377754506242,2,2026-1-8 (published)
Greece,Europe,GRC,0.0282024433043328,0.0059234128165769,0.0280016233140194,0.0042351538531752,0.1005695332121213,6.171507476212973,46.5359001,46.5359001159668,2,2026-1-8 (published)
Guatemala,C America,GTM,0.0686839001262583,0.0686839001262583,0.0379484358168651,0.0379484358168651,0.1065729089338227,7.025136329341121,6.536644612919523,6.536644589670968,1,2026-1-8 (published)
Honduras,C America,HND,0.0891307054639249,0.0891307054639249,0.050097004118489,0.050097004118489,0.5301233431269411,7.043868544780836,6.6233001,6.623300075531006,1,2026-1-8 (published)
Hungary,Europe,HUN,0.0551945628899675,0.0064423956246718,0.0630564781624638,0.0066338003529616,0.2786465923325771,4.898458353119101,100.0,39.813344711234606,1,2026-1-8 (published)
India,S Asia,IND,0.0571521718208053,0.0268889069110466,0.048554275744945,0.0226499513242774,0.2386974836364762,4.839872863882751,100.0,8.909586387757413,91,2026-1-8 (published)
Indonesia,SE Asia,IDN,0.0505992914805968,0.0164083429707254,0.0425546607532933,0.0140044259492731,0.184419848362256,4.399896644470871,100.0,14.334013330618266,33,2026-1-8 (published)
Iran,SW Asia,IRN,0.048366072388069,0.0250619878957718,0.0367764478791874,0.0194091170535529,0.1637175991464121,6.372243829372815,17.833971933036572,17.833971910429288,8,2026-1-8 (published)
Iraq,SW Asia,IRQ,0.0638949281156354,0.0311856702250452,0.0571800968004686,0.0284468285731841,0.2497334796060103,5.084982048313371,19.397885305389305,19.397885305256683,6,2026-1-8 (published)
Ireland,Europe,IRL,0.0409298092012359,0.0019799901183694,0.0456242923674782,0.0020262745608346,0.1775919300519854,4.639587490044461,200.0,54.684985249483766,1,2026-1-8 (published)
Israel,SW Asia,ISR,0.0477958980931929,0.0013805304832396,0.0326940000891147,0.0008294178390414,0.1486785314430782,7.53761388406699,96.65425047689284,337.0341946121257,1,2026-1-8 (published)
Italy,Europe,ITA,0.0530503060724051,0.0056866180798601,0.055595937891727,0.006077843202553,0.2892290589211078,6.028331323747052,113.14159862991524,113.16076839454672,4,2026-1-8 (published)
Japan,E Asia,JPN,0.0684418168313448,0.0026345291971317,0.0486295603811303,0.0020759950716363,0.2916290348295036,7.232319369646048,200.0,122.95821157006009,14,2026-1-8 (published)
Jordan,SW Asia,JOR,0.0541754141968216,0.0277971809890843,0.041138653731647,0.0215680968887018,0.157894655227861,6.875673881974858,16.345169674524517,16.3451696768345,1,2026-1-8 (published)
Kazakhstan,C Asia,KAZ,0.0403839226377207,0.0200955510826666,0.0334214537772931,0.0169905155259875,0.1031205732686807,6.974366553410623,16.493099200000003,16.493099212646484,1,2026-1-8 (published)
Kenya,Africa,KEN,0.0477390559199046,0.0473265333362805,0.0471554822762473,0.049769349425077,0.2312714713399758,6.343850186066419,2.034636725975234,2.0346367307509494,2,2026-1-8 (published)
Kuwait,SW Asia,KWT,0.0713841323861446,0.0057836340139562,0.059728341780218,0.0038606744527808,0.3905092467632728,9.20020948476752,70.62976380482418,70.62976383818227,1,2026-1-8 (published)
Kyrgyzstan,C Asia,KGZ,0.039200000077486,0.039200000077486,0.0312867230420164,0.0312867230420164,0.0979999999999999,7.485300388435316,3.788398652644959,3.788398652231352,1,2026-1-8 (published)
Lebanon,SW Asia,LBN,0.039200000077486,0.007200000077486,0.0254204282412926,0.0053167410492897,0.098,7.8934011374885955,38.0615997,38.06159973144531,1,2026-1-8 (published)
Libya,Africa,LBY,0.0285057698555227,0.0079863763159739,0.0198397712600834,0.0065388869810039,0.1089514231857798,5.4388643147441815,55.10084813129387,55.10084809231203,1,2026-1-8 (published)
Madagascar,Africa,MDG,0.0591583968877182,0.0591583968877182,0.0530513053704512,0.0530513053704512,0.2854414240322159,6.157625670048008,2.93942,2.939419984817505,1,2026-1-8 (published)
Malaysia,SE Asia,MYS,0.0577451930470248,0.0121529008836643,0.0482900235181055,0.0107408425972952,0.1903012569774219,6.478568520782279,31.901319153205872,31.87987585611745,3,2026-1-8 (published)
Mali,Africa,MLI,0.076091480733924,0.052871226275654,0.0699211122171698,0.052768305988033,0.4645675179589862,6.0929909424073685,14.24580397233542,14.245804005903972,1,2026-1-8 (published)
Mexico,N America,MEX,0.0481615722143669,0.0148533237691051,0.0366693428378708,0.0116410691064914,0.172108671790538,6.0767340489982695,29.554724395360683,29.34624279599476,14,2026-1-8 (published)
Mongolia,E Asia,MNG,0.0343707193043064,0.0343707193043064,0.0232361150348217,0.0232361150348217,0.0769171544996427,7.539820084873789,6.5384798,6.538479804992676,1,2026-1-8 (published)
Morocco,Africa,MAR,0.0498701764724791,0.0358396524722729,0.0534573668324185,0.0397578440530768,0.2517368498467943,5.84996139883182,20.39089923796737,20.390899215615654,6,2026-1-8 (published)
Mozambique,Africa,MOZ,0.0378070575161428,0.0245460340722869,0.0541718733087116,0.0355397628288259,0.1596443215740731,5.975543648937167,20.0,2.039340019226074,1,2026-1-8 (published)
Myanmar,SE Asia,MMR,0.0681424709491611,0.0681000661775541,0.0603177346666866,0.0600749352142705,0.3207302690357874,5.498161653764649,2.4138790716525427,2.4138790852351253,2,2026-1-8 (published)
Nepal,S Asia,NPL,0.0859541195804301,0.0859541195804301,0.0610099295978907,0.0610099295978907,0.675771184691848,6.313741485072387,2.0,2.0,1,2026-1-8 (published)
Netherlands,Europe,NLD,0.0344936400742547,0.00041562020027,0.0304981910607999,0.0003892969818133,0.1255785063568823,6.390645973032642,9247.40301125234,1000.0,2,2026-1-8 (published)
NewZealand,Oceania,NZL,0.0,0.0,0.0,0.0,0.0,0.0,0.0,0.0,1,2026-1-8 (published)
Nicaragua,C America,NIC,0.068496851168121,0.068496851168121,0.0306081372048256,0.0306081372048256,0.091115848761259,5.115100200512032,6.5064502,6.506450176239014,1,2026-1-8 (published)
Nigeria,Africa,NGA,0.0444340793133636,0.0444602776591753,0.0501749848274937,0.0502372795503923,0.2253441045308591,5.973948208844636,7.166518059651873,7.166518056178689,15,2026-1-8 (published)
NorthKorea,E Asia,PRK,0.0820840036173315,0.0820840036173315,0.074383085494096,0.074383085494096,0.434389901061178,7.6805595495886205,2.0,2.0,1,2026-1-8 (published)
Norway,Europe,NOR,0.0624880130255183,0.0112491732562476,0.0739137255814306,0.0157352321308235,0.4403807533813005,3.635764585931525,75.43566428468525,75.43566427453052,1,2026-1-8 (published)
Pakistan,S Asia,PAK,0.0456335785419475,0.0455047011416901,0.035141765989203,0.0349485608741272,0.1451468338757727,4.739634617319775,7.947669986886262,7.805726356819522,12,2026-1-8 (published)
Panama,C America,PAN,0.0830069366722708,0.0418766474490062,0.048325025146466,0.0264541551866944,0.2237709352220923,6.370029441508343,16.46056357997548,16.460563554722288,1,2026-1-8 (published)
Paraguay,S America,PRY,0.0900424781137042,0.0810221497133936,0.0801646611312957,0.0552665265878632,0.4673429541514877,4.982948441043842,14.275484765491504,14.275484796124392,1,2026-1-8 (published)
Peru,S America,PER,0.0492947179670968,0.0028489796651535,0.0130840292257716,0.0008151664712935,0.0619898069711596,7.731820177294604,225.31050996053705,225.3105099821516,1,2026-1-8 (published)
Philippines,SE Asia,PHL,0.0602909384243377,0.0416551414885154,0.0530708768430891,0.0386642858577495,0.2129657191102508,4.303036405106534,12.13002314388891,12.130023139086603,5,2026-1-8 (published)
Poland,Europe,POL,0.039486631691767,0.0026613495734343,0.0426708269932828,0.0029302653249421,0.1688707067415485,4.068355219558163,200.0,52.877261927278894,4,2026-1-8 (published)
Portugal,Europe,PRT,0.0743615147447707,0.0085286696685333,0.0711380176104553,0.0086655603859059,0.5043014240504999,5.788461035303451,101.23390064536002,101.23390065235834,2,2026-1-8 (published)
Qatar,SW Asia,QAT,0.0309928498607024,,0.0175536808442839,,0.0668666599157865,5.970787532894823,,,1,2026-1-8 (published)
Romania,Europe,ROU,0.021551102052664,0.0056481027578094,0.0244712449585061,0.0063754622593902,0.0832349153675676,5.913664009730399,50.0,16.74978778362278,1,2026-1-8 (published)
Russia,Europe,RUS,0.0650143740316188,0.011529014415275,0.0601513124113207,0.0110033302635859,0.48345609935218,6.642871054186003,84.60977167600193,48.90093734907192,15,2026-1-8 (published)
SaudiArabia,SW Asia,SAU,0.0514678330698592,0.0102430749690166,0.0437837637962518,0.008953916327348,0.1846311695364239,6.936984755134337,46.00874961666667,46.00874964396159,6,2026-1-8 (published)
Senegal,Africa,SEN,0.0098000000193715,0.0,0.0152763060343657,0.0,0.049,6.689086802839473,3.25996995,3.25996994972229,2,2026-1-8 (published)
Serbia,Europe,SRB,0.0766656690695569,0.0164405152017006,0.0788028075403921,0.0163493991683912,0.396293707540734,4.854500706807154,30.136323060869262,30.136323089857825,1,2026-1-8 (published)
Singapore,SE Asia,SGP,0.039200000077486,0.0002200107232218,0.0239574485492081,0.0001612803125839,0.0979999999999999,13.179276554578616,1997.5633402084145,23.885400772094727,1,2026-1-8 (published)
SouthAfrica,Africa,ZAF,0.0336076060025519,0.007697846029737,0.0444893045737502,0.0106932480752207,0.1717501404507515,6.0667630610226775,100.0,18.600622925830542,6,2026-1-8 (published)
SouthKorea,E Asia,KOR,0.0711660131531333,0.0057384282457999,0.0566238181023666,0.0050182707975796,0.4116953635092441,7.891809544757983,98.74152201987404,98.7415220143941,6,2026-1-8 (published)
Spain,Europe,ESP,0.0481828518915514,0.0028847057106982,0.0506001586424044,0.0032201093408548,0.2332933979913968,6.093865780196838,127.20812943278682,127.2081294418521,5,2026-1-8 (published)
SriLanka,S Asia,LKA,0.0737220770041425,0.073752944651481,0.0671272897231857,0.0671804380645845,0.4089187985038537,4.066166033602993,7.423452292600498,7.423452269982835,2,2026-1-8 (published)
Sudan,Africa,SDN,0.0712091679988477,0.0382409521519938,0.0500160541097232,0.0285177623084456,0.4592609325507317,6.577625161272955,12.5889997,12.58899974822998,1,2026-1-8 (published)
Sweden,Europe,SWE,0.0374065293285377,0.0038372316882123,0.0357934429550335,0.0034030624643243,0.1389928782691389,5.187274011765977,97.54883220616075,97.5488322020654,1,2026-1-8 (published)
Switzerland,Europe,CHE,0.0429202919457854,0.0055167785527533,0.0587188549549821,0.0072332235685951,0.2508263923806176,4.85908254412331,30.12548781115112,104.2061695960157,1,2026-1-8 (published)
Syria,SW Asia,SYR,0.0445904313487981,0.0445904313487981,0.0356616435711927,0.0356616435711927,0.1434433692325923,5.662543326362946,7.719071528097754,7.719071521602789,2,2026-1-8 (published)
Taiwan,E Asia,TWN,0.0741219906128501,0.0018072245481884,0.0597451832949199,0.0015424649892073,0.398053581851059,7.5488216928041,317.6108555768239,414.7106038908411,5,2026-1-8 (published)
Tajikistan,C Asia,TJK,0.0341340117221845,0.0341340117221845,0.0193290363278286,0.0193290363278286,0.0805210130723664,6.645249298534999,2.6830016051512366,2.6830016203208085,1,2026-1-8 (published)
Tanzania,Africa,TZA,0.0373092390781362,0.037036763780224,0.0384358942814164,0.0385696901019039,0.1657565738636148,6.408152921887772,2.0038846230608955,2.0038846190549524,1,2026-1-8 (published)
Thailand,SE Asia,THA,0.0527294581631229,0.0185805133872414,0.0352794750436601,0.0131693092389551,0.1467131309425908,6.554911242427618,28.26810534028777,22.543971936094582,1,2026-1-8 (published)
Tunisia,Africa,TUN,0.0334556336844505,0.0078909087072098,0.0375580344111447,0.009123590805041,0.139495940068577,5.532086865317948,27.862574543163667,30.62740283079396,1,2026-1-8 (published)
Turkey,SW Asia,TUR,0.0446706173313678,0.0227322066484495,0.0372225433273781,0.0194977163618525,0.1279591858597948,6.934212980007012,18.32722142856256,18.32722144596969,7,2026-1-8 (published)
Uganda,Africa,UGA,0.0113873562769413,0.0111467917698314,0.0322793589290793,0.0322863619479377,0.0657942426107727,5.800357316892149,2.0,2.0,1,2026-1-8 (published)
Ukraine,Europe,UKR,0.0517090970795616,0.0410140806525663,0.0474138888001169,0.0361558121806622,0.2885925438175037,6.035968225726533,10.199961670573096,10.19996167804802,5,2026-1-8 (published)
UnitedArabEmirates,SW Asia,ARE,0.0504439361772909,0.0103141371548036,0.0302068004891912,0.0072560755227603,0.1424661192133829,7.124343790363503,45.95511502809818,45.95511504479848,2,2026-1-8 (published)
UnitedKingdom,Europe,GBR,0.0472519817407506,0.0027138936446311,0.0451208863638347,0.002527848373544,0.2340769145053169,4.965242656196743,127.14858492938716,105.95667178015816,12,2026-1-8 (published)
UnitedStates,N America,USA,0.0591388131731119,0.0025493937648477,0.050402166803078,0.0022740228885734,0.2877970140869477,5.016019273663491,463.6444333506497,110.80877666332142,49,2026-1-8 (published)
Uruguay,S America,URY,0.0851484727160079,0.0162554959005045,0.0578496001179802,0.0128800757510167,0.2950311081226862,6.278774944083527,47.64158538993494,47.64158534623754,1,2026-1-8 (published)
Uzbekistan,C Asia,UZB,0.0443364036920302,0.0227485218262268,0.0343694213869774,0.0179659143439446,0.1519306034348241,6.429196381242942,12.410312072188812,12.41031203674972,2,2026-1-8 (published)
Venezuela,S America,VEN,0.0703538030795368,0.0295951021376263,0.0398083855144377,0.0168528565200885,0.207500891016277,7.833313226945845,18.14938544377294,18.149385441491283,5,2026-1-8 (published)
Vietnam,SE Asia,VNM,0.0678903802346482,0.0534244556832744,0.0603254763753182,0.0475415446192003,0.2777573767730005,4.482617841685422,19.636436383683986,10.261043573498164,6,2026-1-8 (published)
Yemen,SW Asia,YEM,0.0336252865198095,0.0336252865198095,0.0140454063561248,0.0140454063561248,0.0777662786360434,7.39783175302418,6.508604606229767,6.508604592645684,2,2026-1-8 (published)
Zambia,Africa,ZMB,0.019600000038743,0.019600000038743,0.0291158581078052,0.0291158581078052,0.098,4.538573423899131,6.5064502,6.506450176239014,1,2026-1-8 (published)
Zimbabwe,Africa,ZWE,0.0298398508382236,0.0298398508382236,0.0498917053925518,0.0498917053925518,0.134371665659402,4.332540516980477,2.0548875113304224,2.05488750255883,1,2026-1-8 (published)
Armenia,SW Asia,,0.0485115538015523,0.0430622177890421,0.0372680302353305,0.0319083415213533,,7.395397445924648,,,1,2026-1-17 (added)
Azerbaijan,SW Asia,,0.0406591456415503,0.0188188294209532,0.0381137940950973,0.0127944229538143,,7.379206124490381,,,1,2026-1-17 (added)
Belarus,Europe,,0.0473106329610079,0.0206988464655762,0.0503040026436679,0.0312795880592117,,6.9359616644353705,,,1,2026-1-17 (added)
CentralAfricanRepublic,Africa,,0.0860377351199623,0.0860377351199623,0.0728101229799495,0.0728101229799495,,6.2358974670331335,,,1,2026-1-17 (added)
DemocraticRepublicoftheCongo,Africa,,0.061042463093338134,0.06100058284267937,0.06411547606192863,0.06400061963533217,,6.25493934595942,,,5,2026-1-17 (added)
Georgia,SW Asia,,0.0605804255990327,0.0147442269398014,0.0528921874185642,0.0137870242367629,,10.090801837565712,,,1,2026-1-17 (added)
Guinea,Africa,,0.0202866409990656,0.0150416778873699,0.035843510601682,0.0238446157201141,,5.603687906768499,,,1,2026-1-17 (added)
HongKong,E Asia,,0.0417224513396054,0.0005546853654654501,0.032111893390826096,0.0005656488680994,,10.915427646526075,,,2,2026-1-17 (added)
Liberia,Africa,,0.0723721162055661,0.0418981022754295,0.063949330585869,0.0371355959102724,,5.922105624304107,,,1,2026-1-17 (added)
Malawi,Africa,,0.0538738032415104,0.0538738032415104,0.0556611135911752,0.0556611135911752,,4.665481332586956,,,1,2026-1-17 (added)
Mauritania,Africa,,0.0147246302962474,0.0147246302962474,0.0192457369546056,0.0192457369546056,,6.436290212037926,,,1,2026-1-17 (added)
Niger,Africa,,0.0894503943160938,0.0894503943160938,0.0827678271346222,0.0827678271346222,,5.860390700967805,,,1,2026-1-17 (added)
Palestina,SW Asia,,0.0433546843283118,0.0037967582536203,0.0454971048424346,0.0043719768178405,,6.388566657313205,,,1,2026-1-17 (added)
RepublicofCongo,Africa,,0.0953167261784,0.098,0.076897349804576,,,7.661121609739832,,,1,2026-1-17 (added)
Rwanda,Africa,,0.0520020208051958,0.0520020208051958,0.056257970682282,0.056257970682282,,5.491676034120025,,,1,2026-1-17 (added)
SierraLeone,Africa,,0.0194524104710351,,0.025632262858652,,,9.477653331951418,,,1,2026-1-17 (added)
Somalia,Africa,,0.019600000038743,,,,,7.001065058295676,,,1,2026-1-17 (added)
Togo,Africa,,0.0253724166794792,0.0253694347797137,0.0243406986588935,0.0243130580369526,,8.858255209191165,,,1,2026-1-17 (added)
