Cntry_name,wld_rgn,exDmg_sum,exDmg_pros_sum,exInunD_sum,exInunD_pros_sum,totalGDP,n_fuas,exDmg_pctGDP,exDmg_pros_pctGDP,exInunD_pctGDP,exInunD_pros_pctGDP
Afghanistan,S Asia,54308555.431368,54308555.431368,28786385.62701,28786385.62701,18948104431.70129,1,0.286617,0.286617,0.151922,0.151922
Algeria,Africa,91450091.027162,11627106.057924,59471787.984022,8010739.278071,156073486928.6382,2,0.058594,0.00745,0.038105,0.005133
Angola,Africa,265123.477931,107035.874133,349479.008783,157258.779109,89722022782.28693,1,0.000295,0.000119,0.00039,0.000175
Argentina,S America,5548199509.585517,571717536.95097,2304688498.402561,375313222.747201,807999059530.915,5,0.686659,0.070757,0.285234,0.04645
Armenia,,17025308.721273,11863352.663594,7741066.401134,5704106.041675,37803630109.42658,1,0.045036,0.031382,0.020477,0.015089
Australia,Oceania,1406471884.919143,156232187.168498,765131787.523855,105009559.038651,1030866176927.3417,5,0.136436,0.015155,0.074222,0.010187
Austria,Europe,632007182.429375,13681300.450293,407505847.523517,10400249.956312,238407740898.17105,1,0.265095,0.005739,0.170928,0.004362
Azerbaijan,,12595077.379001,3606668.827555,6603844.289661,1929484.445197,149456028769.2959,1,0.008427,0.002413,0.004419,0.001291
Bahrain,SW Asia,0.0,0.0,0.0,0.0,73133656409.67934,1,0.0,0.0,0.0,0.0
Bangladesh,S Asia,7567532133.043882,4118118784.276522,6106381484.533417,3356007123.307222,513725385541.50507,16,1.47307,0.801619,1.188647,0.653269
Belarus,,68849442.009765,131623.305495,31688718.574763,142309.006896,104303723085.63702,1,0.066009,0.000126,0.030381,0.000136
Belgium,Europe,927901163.42068,25492054.637143,514633772.382743,15344784.160621,516588074841.5469,3,0.179621,0.004935,0.099622,0.00297
Benin,Africa,7289576.446224,4936838.07282,4917358.695649,3518821.100403,10208241108.232368,1,0.071409,0.048361,0.04817,0.03447
Bolivia,S America,20535669.589616,20535669.589616,6919320.140399,6919320.140399,58216492623.52593,3,0.035275,0.035275,0.011885,0.011885
Brazil,S America,2312187172.311128,559854499.240349,808149890.023322,232431152.477016,1538545167635.3057,21,0.150284,0.036389,0.052527,0.015107
Bulgaria,Europe,6767608.726502,705992.542011,8331213.443382,874358.508874,113777072458.51538,1,0.005948,0.000621,0.007322,0.000768
BurkinaFaso,Africa,57458.921114,57458.921114,73787.931612,73787.931612,17593924055.369816,1,0.000327,0.000327,0.000419,0.000419
Cambodia,SE Asia,434692969.348501,145241718.931649,241186531.487239,95807481.909861,19821448490.161285,1,2.193043,0.73275,1.216796,0.483353
Cameroon,Africa,105196582.011456,76778758.250012,64093575.363733,46939470.963806,51960137890.298706,3,0.202456,0.147765,0.123351,0.090337
Canada,N America,2843875029.528184,347140640.454564,1980943619.557255,280405717.333693,1547567144826.8525,6,0.183764,0.022431,0.128004,0.018119
CentralAfricanRepublic,,6142087.259875,6142087.259875,4803450.942102,4803450.942102,1696122360.653316,1,0.362125,0.362125,0.283202,0.283202
Chad,Africa,70915659.864593,48281197.7187,47952978.225354,32997214.873187,6181396445.929041,1,1.147243,0.781073,0.775763,0.533815
Chile,S America,197929243.766844,18672169.836094,54082657.775948,5322089.83946,252142030593.95517,2,0.078499,0.007405,0.021449,0.002111
China,E Asia,244168228244.04044,43968490002.21822,101260358351.61609,21175578712.288284,11998210908304.758,117,2.035039,0.366459,0.843962,0.176489
Colombia,S America,807828518.827622,317382375.608358,232837117.807222,98559419.920909,449075413803.5508,5,0.179887,0.070675,0.051848,0.021947
CostaRica,C America,986684.03231,484279.596619,637752.635906,314414.95615,71651696037.42061,1,0.001377,0.000676,0.00089,0.000439
CotedIvoire,Africa,82055355.915854,35222591.887137,48612529.393945,21424652.950858,65271698003.4413,1,0.125714,0.053963,0.074477,0.032824
Croatia,Europe,87911236.128043,6370170.653267,76337359.084916,5459270.052981,83549350999.53186,1,0.105221,0.007624,0.091368,0.006534
CzechRepublic,Europe,236168008.580426,11192628.907351,198935081.81777,10182403.367615,213436407899.88248,1,0.11065,0.005244,0.093206,0.004771
DemocraticRepublicoftheCongo,,129681012.377463,128408402.263488,107324223.816136,106221366.959851,40986341000.97481,5,0.316401,0.313296,0.261854,0.259163
Denmark,Europe,0.0,0.0,0.0,0.0,233110843733.4587,1,0.0,0.0,0.0,0.0
Ecuador,S America,577698715.6078,285781959.902167,185713863.552674,102009731.138526,75246453565.21701,2,0.767742,0.379795,0.246807,0.135567
Egypt,Africa,10861170588.100203,5255959792.833388,7271529371.551184,3699250570.832324,927381782279.2299,12,1.171165,0.566753,0.784092,0.398892
ElSalvador,C America,1717384.365756,1702116.054542,1058262.539375,1051274.737436,30603897360.98494,1,0.005612,0.005562,0.003458,0.003435
Ethiopia,Africa,580731.014691,917.395803,476830.331485,1834.791631,34455811834.55388,1,0.001685,3e-06,0.001384,5e-06
Finland,Europe,304924814.531015,48304234.5585,213504857.923795,36591209.380288,179556794343.8523,1,0.169821,0.026902,0.118907,0.020379
France,Europe,6970683830.085953,202351342.863291,3433262880.222062,117987903.533771,1932102065574.7866,7,0.360782,0.010473,0.177696,0.006107
Georgia,,58409853.501685,5914970.190645,23033723.676653,2819596.473502,38707977813.58955,1,0.150899,0.015281,0.059506,0.007284
Germany,Europe,5859957136.263426,215732243.627603,3657250545.607184,137743488.546566,3049680447514.4746,11,0.19215,0.007074,0.119922,0.004517
Ghana,Africa,13442241.134075,8228793.251056,8764691.102661,5397797.170021,87436846625.2716,2,0.015374,0.009411,0.010024,0.006173
Greece,Europe,13287567.707539,2535583.464372,7342982.248976,1580616.792888,214534738067.0159,2,0.006194,0.001182,0.003423,0.000737
Guatemala,C America,5365839.8234,5365839.8234,2191858.220073,2191858.220073,74057348317.5335,1,0.007246,0.007246,0.00296,0.00296
Guinea,,545188.727607,357161.843223,675770.551108,439137.092586,14181797452.870829,1,0.003844,0.002518,0.004765,0.003096
Honduras,C America,1497823.074652,1497823.074652,216709.382075,216709.382075,12966664186.351652,1,0.011551,0.011551,0.001671,0.001671
HongKong,,35313925.24216,385076.484583,4930270.941747,75982.168298,455947042746.83246,2,0.007745,8.4e-05,0.001081,1.7e-05
Hungary,Europe,413288797.902809,31995572.764828,317797797.580743,27686490.983966,235267729650.9565,1,0.175667,0.0136,0.135079,0.011768
India,S Asia,13587806289.253407,5637896105.828339,5656202333.144781,2311435998.318331,3418283830344.3955,91,0.397504,0.164934,0.165469,0.06762
Indonesia,SE Asia,3442270856.003566,969048952.944436,1617333916.085885,543617008.039252,2000018707219.5046,33,0.172112,0.048452,0.080866,0.027181
Iran,SW Asia,4393141281.069588,2333567915.457454,2121335695.340445,1164470163.522265,552949694681.8136,8,0.794492,0.422022,0.38364,0.210592
Iraq,SW Asia,6468000233.666732,1675835744.094606,3022814897.724426,920829349.092102,212341346961.6723,6,3.046039,0.789218,1.423564,0.433655
Ireland,Europe,266755770.610293,5172335.829368,144505368.278661,4138952.218694,357313046760.6409,1,0.074656,0.001448,0.040442,0.001158
Israel,SW Asia,38571182.785361,854398.119466,10481117.325907,243701.383002,186343000088.5241,1,0.020699,0.000459,0.005625,0.000131
Italy,Europe,1506123049.956819,68568984.129213,907331590.804107,44770500.774216,1053501415589.6903,4,0.142964,0.006509,0.086125,0.00425
Japan,E Asia,35351576026.22443,1284103917.48852,10676766405.56757,500470344.291532,4203056673671.211,14,0.841092,0.030552,0.254024,0.011907
Jordan,SW Asia,2919060.316481,1475408.51515,859348.61903,447158.518553,79300101542.38516,1,0.003681,0.001861,0.001084,0.000564
Kazakhstan,C Asia,393057.50151,170256.325119,278488.190606,121180.912903,124071172522.0214,1,0.000317,0.000137,0.000224,9.8e-05
Kenya,Africa,4688992.63568,440053.861486,3861396.264669,453130.776858,61630973812.45266,2,0.007608,0.000714,0.006265,0.000735
Kuwait,SW Asia,267801926.208215,6567245.873057,126519567.760139,4062401.995401,241111459643.64813,1,0.11107,0.002724,0.052473,0.001685
Kyrgyzstan,C Asia,386326.903682,386326.903682,144173.904543,144173.904543,21542399525.58069,1,0.001793,0.001793,0.000669,0.000669
Lebanon,SW Asia,1420288.451434,1298.531862,464847.964872,978.168501,41931346648.76078,1,0.003387,3e-06,0.001109,2e-06
Liberia,,92809690.900958,49317469.431489,63262065.802648,35154154.19365,4000536679.096011,1,2.319931,1.232771,1.581339,0.878736
Libya,Africa,120273911.173354,17497290.031246,57285224.641975,9867936.210672,44993895781.13047,1,0.267312,0.038888,0.127318,0.021932
Madagascar,Africa,39025336.862691,39025336.862691,30747890.346365,30747890.346365,12702388619.535934,1,0.307228,0.307228,0.242064,0.242064
Malawi,,711697.088876,711697.088876,721226.760194,721226.760194,3141165079.871633,1,0.022657,0.022657,0.02296,0.02296
Malaysia,SE Asia,1032141339.259549,202583500.222323,403616187.468633,84293250.370083,514723733377.5807,3,0.200523,0.039358,0.078414,0.016376
Mali,Africa,1770057.065132,931183.170476,1586681.484235,873337.988837,15515723466.015163,1,0.011408,0.006002,0.010226,0.005629
Mauritania,,3579655.526805,3579655.526805,3142105.444885,3142105.444885,12058987318.057957,1,0.029685,0.029685,0.026056,0.026056
Mexico,N America,441186957.916258,218290550.866081,164849394.084351,83365279.400842,392297179749.97656,6,0.112462,0.055644,0.042022,0.021251
Mongolia,E Asia,11683683.486996,11683683.486996,3763850.82751,3763850.82751,35350215080.129425,1,0.033051,0.033051,0.010647,0.010647
Morocco,Africa,94189622.000635,31583393.03736,69083715.882278,26206264.891077,154378546822.15106,6,0.061012,0.020458,0.04475,0.016975
Mozambique,Africa,1301762.231455,558121.581705,1422724.449629,696045.744934,10183815004.335192,1,0.012783,0.00548,0.01397,0.006835
Myanmar,SE Asia,422560353.649496,418162429.192148,258576967.993619,254179859.31715,71764371251.41898,2,0.588816,0.582688,0.360314,0.354187
Nepal,S Asia,75697350.908395,75697350.908395,41036953.200968,41036953.200968,19082758580.19997,1,0.396679,0.396679,0.215047,0.215047
Netherlands,Europe,2699428679.707082,39604815.982534,1511039078.892512,23273050.966817,619551642464.0,2,0.435707,0.006392,0.243892,0.003756
NewZealand,Oceania,0.0,0.0,0.0,0.0,109808638493.55096,1,0.0,0.0,0.0,0.0
Nicaragua,C America,155574.089175,155574.089175,53634.438999,53634.438999,12820141604.536913,1,0.001214,0.001214,0.000418,0.000418
Niger,,39517317.80067,39517317.80067,34385913.611832,34385913.611832,5346307717.885318,1,0.739152,0.739152,0.643171,0.643171
Nigeria,Africa,441576801.525222,427715178.310156,281255497.600399,274004390.900288,378469321362.70544,15,0.116674,0.113012,0.074314,0.072398
NorthKorea,E Asia,24826596.969952,24826596.969952,15512319.223657,15512319.223657,13251540589.369411,1,0.187349,0.187349,0.11706,0.11706
Norway,Europe,380096543.152574,83026102.496308,316270378.572207,74005966.84015,247451794368.93085,1,0.153604,0.033552,0.127811,0.029907
Pakistan,S Asia,2339966543.972249,2318037676.948955,1101689544.128014,1091026838.97479,533836052450.6379,12,0.438331,0.434223,0.206372,0.204375
Palestina,,1254121.822292,63943.412647,621567.524957,41357.188724,51028001482.47026,1,0.002458,0.000125,0.001218,8.1e-05
Panama,C America,69985267.255766,37314058.66345,24055911.769259,14092514.667704,61101933858.16818,1,0.114539,0.061069,0.03937,0.023064
Paraguay,S America,38213995.103824,14302664.909236,25485644.444907,11197421.614535,34164419916.418285,1,0.111853,0.041864,0.074597,0.032775
Peru,S America,132392484.032409,8440776.144258,20729259.864524,1416760.709677,196271163632.4776,1,0.067454,0.004301,0.010562,0.000722
Philippines,SE Asia,4037692507.694218,1438560672.669984,1839406895.801333,755348710.905896,461277392972.1173,5,0.875329,0.311865,0.398764,0.163752
Poland,Europe,214117362.452963,13497523.029451,172927758.315304,11000993.580243,713015442635.7617,4,0.03003,0.001893,0.024253,0.001543
Portugal,Europe,70079057.874822,4085125.420256,61460799.001714,3661779.554034,233123616669.66443,2,0.030061,0.001752,0.026364,0.001571
Qatar,SW Asia,24392332.2406,0.0,10593445.591205,0.0,240555578829.9576,1,0.01014,0.0,0.004404,0.0
RepublicofCongo,,41382969.553737,0.0,34324866.627782,0.0,9664384864.688677,1,0.428201,0.0,0.355169,0.0
Romania,Europe,289656490.860771,17813914.254757,93823241.831733,7573926.077074,226535050405.41428,1,0.127864,0.007864,0.041417,0.003343
Russia,C Asia,5034027296.980463,686725991.69197,2682357950.944832,455493592.787711,2760097099060.082,15,0.182386,0.024881,0.097183,0.016503
Rwanda,,3625009.020361,3625009.020361,2577042.847809,2577042.847809,12906680231.256191,1,0.028086,0.028086,0.019967,0.019967
SaudiArabia,SW Asia,600071875.00983,120482519.382966,301000677.44837,62821893.167309,1258354289378.7559,6,0.047687,0.009575,0.02392,0.004992
Senegal,Africa,373311.379958,0.0,323568.827751,0.0,22469450208.40612,2,0.001661,0.0,0.00144,0.0
Serbia,Europe,253577186.393319,57989601.471763,253593063.735967,57277174.847736,66770808818.01105,1,0.379773,0.086849,0.379796,0.085782
SierraLeone,,108584.008896,0.0,91301.960961,0.0,5279521953.716516,1,0.002057,0.0,0.001729,0.0
Singapore,SE Asia,37460460.442366,313827.41408,6833339.303868,74193.877128,636641164428.9089,1,0.005884,4.9e-05,0.001073,1.2e-05
Somalia,,0.0,0.0,0.0,0.0,9535995129.625557,1,0.0,0.0,0.0,0.0
SouthAfrica,Africa,10005074.830928,1872924.655451,8449951.815621,1629807.011904,445947019284.6659,6,0.002244,0.00042,0.001895,0.000365
SouthKorea,E Asia,5984017435.465303,327943133.25567,2580899600.807779,213419752.79074,1979078037009.98,6,0.302364,0.016571,0.130409,0.010784
Spain,Europe,796147755.20666,34429996.375919,425172361.675954,19164261.465322,1009078537396.2539,5,0.078898,0.003412,0.042135,0.001899
SriLanka,S Asia,537365900.720322,537172281.122152,313109979.825787,313031421.740718,123249913797.77827,2,0.435997,0.43584,0.254045,0.253981
Sudan,Africa,180478590.44834,112304944.278184,111044061.366203,68601048.051429,40152397252.36565,1,0.449484,0.279697,0.276556,0.170852
Sweden,Europe,49699486.637842,4338067.325461,30144558.384012,2645968.418173,357821162058.62024,1,0.013889,0.001212,0.008424,0.000739
Switzerland,Europe,532517081.425883,63179224.274828,322812106.145047,39004983.355722,320389140822.0115,1,0.166209,0.01972,0.100756,0.012174
Syria,SW Asia,41429567.571095,41429567.571095,16011883.901939,16011883.901939,38464661274.15894,2,0.107708,0.107708,0.041628,0.041628
Taiwan,E Asia,10909659629.858368,185984963.846705,4843471694.08414,114812963.428018,1336380829767.771,5,0.816359,0.013917,0.362432,0.008591
Tajikistan,C Asia,9572595.70459,9572595.70459,3112292.686301,3112292.686301,17152096175.616844,1,0.05581,0.05581,0.018145,0.018145
Tanzania,Africa,2685511.266604,2399343.03815,1677644.145046,1551505.958024,30221520150.30705,1,0.008886,0.007939,0.005551,0.005134
Thailand,SE Asia,14116583904.276093,3219082655.582953,4647124871.72601,1245901228.482519,658839544259.9432,1,2.142644,0.488599,0.70535,0.189105
Togo,,998462.260603,994440.250665,490598.736951,486978.349801,9418118298.817354,1,0.010602,0.010559,0.005209,0.005171
Tunisia,Africa,57679232.002608,15239884.851492,44294604.220044,11438562.17167,59795074061.63616,1,0.096462,0.025487,0.074077,0.01913
Turkey,SW Asia,352293772.540204,174875308.043302,166546913.528801,85510567.08544,1773273245060.1787,7,0.019867,0.009862,0.009392,0.004822
Uganda,Africa,86192.390729,64330.727747,133066.977886,111014.871542,26061014912.920483,1,0.000331,0.000247,0.000511,0.000426
Ukraine,Europe,1455951846.23771,853681640.710189,827429436.770924,514513384.347937,312513502496.79425,5,0.465884,0.273166,0.264766,0.164637
UnitedArabEmirates,SW Asia,2160853722.914868,287434302.937614,702341561.721033,114809987.872381,413936367938.38696,2,0.522026,0.069439,0.169674,0.027736
UnitedKingdom,Europe,2918149620.93727,106229334.614025,1841726287.530124,75372048.647252,2674359702905.839,12,0.109116,0.003972,0.068866,0.002818
UnitedStates,N America,17280250407.472225,674115623.673623,8803948590.198624,394845361.515471,15519718723779.148,49,0.111344,0.004344,0.056728,0.002544
Uruguay,S America,117140201.578931,22699806.985329,56126194.563203,14223721.684019,50651100691.04314,1,0.231269,0.044816,0.110809,0.028082
Uzbekistan,C Asia,148364625.044047,77416327.827751,70007788.257414,37054834.57247,98065405712.0163,2,0.151292,0.078944,0.071389,0.037786
Venezuela,S America,8447336.192497,1714418.51729,3642470.865093,769466.828175,52716704672.41916,5,0.016024,0.003252,0.00691,0.00146
Vietnam,SE Asia,7419963124.494393,4809756914.116201,4193029281.563051,2639951071.484924,461228421478.8328,6,1.608739,1.042815,0.9091,0.572374
Yemen,SW Asia,9215508.520147,9215508.520147,2219110.059421,2219110.059421,12016971682.426552,2,0.076687,0.076687,0.018466,0.018466
Zambia,Africa,83990.634883,83990.634883,73635.743029,73635.743029,15325984296.337889,1,0.000548,0.000548,0.00048,0.00048
Zimbabwe,Africa,77601.132647,77601.132647,111315.733077,111315.733077,10226106752.30999,1,0.000759,0.000759,0.001089,0.001089
